iteration,win_rate_player1,win_rate_player_minus1,draw_rate,avg_game_length,avg_final_pieces_p1,avg_final_pieces_p_1,new_training_examples,replay_buffer_size,iteration_time
11,0.55,0.3,0.15,130.8,6.2,5.05,2020,28490,289.6724555492401
12,0.45,0.1,0.45,91.9,6.75,6.45,1000,30328,193.2348334789276
13,0.6,0.15,0.25,99.85,6.7,5.95,1260,32325,211.43522262573242
14,0.4,0.1,0.5,107.35,6.55,5.85,1580,34472,223.0043876171112
15,0.4,0.15,0.45,91.0,7.0,6.55,1180,36292,194.09170174598694
