iteration,win_rate_player1,win_rate_player_minus1,draw_rate,avg_game_length,avg_final_pieces_p1,avg_final_pieces_p_1,new_training_examples,replay_buffer_size,iteration_time
41,0.4,0.15,0.45,124.6,5.95,5.5,1920,50000,247.22670769691467
42,0.4,0.2,0.4,119.1,6.05,5.45,1820,50000,239.81115412712097
43,0.5,0.35,0.15,126.85,4.85,5.25,3300,50000,248.61143827438354
44,0.4,0.1,0.5,86.9,6.95,6.65,2000,50000,174.13297963142395
45,0.4,0.25,0.35,155.45,5.25,4.65,4160,50000,310.0397346019745
