iteration,win_rate_player1,win_rate_player_minus1,draw_rate,avg_game_length,avg_final_pieces_p1,avg_final_pieces_p_1,new_training_examples,replay_buffer_size,iteration_time
1,0.65,0.3,0.05,150.4,4.75,3.3,2280,6279,320.09936022758484
2,0.5,0.2,0.3,110.85,6.55,6.0,3420,8496,234.4761712551117
3,0.45,0.1,0.45,104.7,7.0,5.9,4400,10590,216.03318619728088
4,0.35,0.25,0.4,116.1,6.25,5.75,1000,12912,239.27878856658936
5,0.2,0.35,0.45,98.15,6.25,6.65,1000,14875,207.86963033676147
