iteration,win_rate_player1,win_rate_player_minus1,draw_rate,avg_game_length,avg_final_pieces_p1,avg_final_pieces_p_1,new_training_examples,replay_buffer_size,iteration_time
6,0.5,0.1,0.4,108.8,6.25,5.55,2980,17051,238.78936076164246
7,0.45,0.2,0.35,131.15,5.75,5.35,5980,19674,276.20624136924744
8,0.7,0.1,0.2,118.8,6.6,5.25,1780,22050,251.95220947265625
9,0.55,0.05,0.4,100.1,6.85,5.85,1140,24052,214.03287649154663
10,0.25,0.05,0.7,91.1,7.15,6.85,2040,25874,189.0237808227539
