iteration,win_rate_player1,win_rate_player_minus1,draw_rate,avg_game_length,avg_final_pieces_p1,avg_final_pieces_p_1,new_training_examples,replay_buffer_size,iteration_time
26,0.5,0.25,0.25,104.95,5.6,6.2,3140,50000,201.7586863040924
27,0.55,0.35,0.1,162.4,4.6,4.45,3900,50000,306.8882122039795
28,0.55,0.1,0.35,98.6,6.7,5.85,1380,50000,192.00861477851868
29,0.4,0.15,0.45,108.95,6.3,5.6,4180,50000,215.70011591911316
30,0.35,0.25,0.4,76.55,6.8,7.15,2340,50000,149.67956042289734
