iteration,win_rate_player1,win_rate_player_minus1,draw_rate,avg_game_length,avg_final_pieces_p1,avg_final_pieces_p_1,new_training_examples,replay_buffer_size,iteration_time
31,0.4,0.15,0.45,88.0,6.85,6.3,3100,50000,171.5150179862976
32,0.5,0.15,0.35,91.05,6.85,6.3,1000,50000,178.18720865249634
33,0.25,0.1,0.65,78.05,7.2,7.0,1100,50000,150.30630040168762
34,0.35,0.6,0.05,127.85,5.0,5.75,4200,50000,255.5870041847229
35,0.45,0.1,0.45,106.05,6.4,6.15,3040,50000,214.82580542564392
