iteration,win_rate_player1,win_rate_player_minus1,draw_rate,avg_game_length,avg_final_pieces_p1,avg_final_pieces_p_1,new_training_examples,replay_buffer_size,iteration_time
46,0.45,0.3,0.25,132.6,5.55,4.95,1000,50000,1177.0068321228027
47,0.35,0.25,0.4,112.55,6.25,5.75,3120,50000,1131.418747663498
48,0.4,0.4,0.2,96.85,6.2,6.35,1840,50000,1106.7409677505493
49,0.45,0.15,0.4,141.85,5.3,4.6,6360,50000,1199.5768563747406
