iteration,win_rate_player1,win_rate_player_minus1,draw_rate,avg_game_length,avg_final_pieces_p1,avg_final_pieces_p_1,new_training_examples,replay_buffer_size,iteration_time
36,0.35,0.25,0.4,110.9,6.2,5.9,1000,50000,209.66556811332703
37,0.3,0.2,0.5,102.45,6.05,6.2,2800,50000,194.63625383377075
38,0.3,0.3,0.4,113.75,5.9,6.35,2620,50000,221.13036489486694
39,0.4,0.1,0.5,91.35,7.35,6.55,1860,50000,176.02262115478516
40,0.35,0.3,0.35,102.55,6.05,6.35,4280,50000,195.28403067588806
