iteration,win_rate_player1,win_rate_player_minus1,draw_rate,avg_game_length,avg_final_pieces_p1,avg_final_pieces_p_1,new_training_examples,replay_buffer_size,iteration_time
21,0.4,0.2,0.4,103.45,6.15,6.3,1900,49355,198.3936026096344
22,0.4,0.15,0.45,121.05,6.1,5.85,1000,50000,225.8814878463745
23,0.5,0.15,0.35,103.3,6.5,6.05,1000,50000,196.48095726966858
24,0.3,0.4,0.3,84.7,6.9,7.05,1680,50000,158.89857697486877
25,0.35,0.2,0.45,103.8,6.25,6.1,4340,50000,195.5935182571411
