iteration,win_rate_player1,win_rate_player_minus1,draw_rate,avg_game_length,avg_final_pieces_p1,avg_final_pieces_p_1,new_training_examples,replay_buffer_size,iteration_time
16,0.4,0.2,0.4,110.25,5.7,5.7,1000,38497,203.6234962940216
17,0.35,0.25,0.4,94.0,6.6,6.55,4440,40377,170.15872383117676
18,0.3,0.1,0.6,110.2,6.4,6.0,3500,42581,197.84027242660522
19,0.4,0.1,0.5,99.45,6.55,5.9,1000,44570,181.29800057411194
20,0.6,0.3,0.1,135.8,5.85,4.7,3780,47286,249.14293241500854
